{"_timestamp":1.7790035599810617e+09,"action_2":0.35294117647058826,"buffer_size":435419,"loss":43.979239749908444,"_step":1999,"episode":1999,"_wandb":{"runtime":26217},"total_reward":-9.160003662109375,"action_1":0.3058823529411765,"max_speed":24.259092330932617,"avg_q_value":53.50428848266601,"action_0":0.17058823529411765,"buffer_utilization":0.870838,"_runtime":26217.851283,"avg_recent_reward":-12.491206169128418,"epsilon":0.15,"action_3":0.17058823529411765,"episode_length":170,"grad_norm":1071.9766845703125,"train_steps":10,"avg_speed":12.833895683288574}