{"_runtime":16800.7845167,"avg_recent_reward":12.0202054977417,"loss":0,"_timestamp":1.7788437795292222e+09,"buffer_size":100000,"episode_length":289,"total_reward":10.480016708374023,"epsilon":0.13506452244668335,"_step":999,"episode":999,"_wandb":{"runtime":16800}}