{"buffer_size":4140,"_step":4330,"episode_length":173,"epsilon":0.9322301194154049,"_wandb":{"runtime":250},"_runtime":250,"episode":13,"loss":3.7672038078308105,"_timestamp":1.7787095689087012e+09,"total_reward":9.99000072479248}