{"grad_norm":6661.1435546875,"loss":281.55461978912354,"action_forward":0.24242424242424243,"buffer_utilization":0.015686,"total_reward":102.00995635986328,"buffer_size":7843,"episode_length":132,"avg_q_value":16.819626450538635,"_step":32,"avg_speed":10.334061622619629,"avg_recent_reward":118.99600982666016,"action_right":0.36363636363636365,"epsilon":0.9675225846837673,"_wandb":{"runtime":471},"action_left":0.3939393939393939,"train_steps":8,"episode":32,"_runtime":471.8793968,"max_speed":28.326086044311523,"_timestamp":1.7789218931761868e+09}