{"epsilon":0.3676954247709635,"buffer_size":100000,"episode":999,"loss":0,"avg_recent_reward":13.244013786315918,"episode_length":417,"_timestamp":1.778870521737859e+09,"_runtime":19150.8500263,"_step":999,"total_reward":23.740013122558594,"_wandb":{"runtime":19150}}