{"total_reward":9.520001411437988,"episode":50,"avg_recent_reward":14.541611671447754,"_runtime":887,"_step":50,"_timestamp":1.7787778592899928e+09,"buffer_size":15059,"epsilon":0.9502544225688344,"loss":0,"_wandb":{"runtime":887},"episode_length":264}