{"_wandb":{"runtime":7100},"_timestamp":1.778766321925494e+09,"buffer_size":100000,"loss":64.7918472290039,"total_reward":6.090001583099365,"_step":499,"episode_length":96,"episode":499,"_runtime":7100.0116692,"epsilon":0.08157186144027828}