{"loss":0,"_step":1,"buffer_size":642,"_wandb":{"runtime":39},"_timestamp":1.778780750087002e+09,"avg_recent_reward":17.03002166748047,"epsilon":0.998001,"episode_length":482,"total_reward":24.010042190551758,"_runtime":39,"episode":1}