{"_wandb":{"runtime":953},"_timestamp":1.7787769826118658e+09,"_runtime":953,"buffer_size":16737,"loss":0,"epsilon":0.9493041681462656,"episode_length":223,"total_reward":9.120003700256348,"_step":51,"avg_recent_reward":17.036815643310547,"episode":51}