{"total_reward":9.830005645751953,"avg_recent_reward":16.148012161254883,"_wandb":{"runtime":920},"epsilon":0.9512056281970315,"episode":49,"episode_length":161,"_runtime":920,"loss":0,"_timestamp":1.7787732904508228e+09,"_step":49,"buffer_size":15505}