{"avg_speed":5.492526054382324,"action_forward":0.3939393939393939,"epsilon":0.2388986256820923,"_step":1430,"loss":50.71237806479136,"episode_length":99,"action_right":0.23232323232323232,"buffer_size":297254,"train_steps":6,"avg_q_value":7.089595079421997,"episode":1430,"_timestamp":1.7789411631827073e+09,"max_speed":26.3123836517334,"_runtime":19378.1793628,"action_left":0.37373737373737376,"buffer_utilization":0.594508,"total_reward":97.6100082397461,"avg_recent_reward":111.79496002197266,"_wandb":{"runtime":19378},"grad_norm":216.85145568847656}