{"episode":49,"_runtime":882,"_timestamp":1.7787515253992825e+09,"buffer_size":15123,"_step":49,"_wandb":{"runtime":882},"episode_length":466,"total_reward":16.360034942626953,"avg_recent_reward":14.6610107421875,"epsilon":0.778312557068642,"loss":0}