{"episode":6,"buffer_size":3533,"_step":6,"avg_recent_reward":25.444318771362305,"loss":0,"episode_length":887,"_runtime":215,"total_reward":45.510047912597656,"_timestamp":1.778780731576039e+09,"_wandb":{"runtime":215},"epsilon":0.9655206468094844}