{"avg_q_value":75.82797652024489,"buffer_size":281970,"buffer_utilization":0.56394,"total_reward":17.900001525878906,"_wandb":{"runtime":16865},"avg_recent_reward":246.11798095703125,"action_left":0.3744075829383886,"max_speed":38.369415283203125,"train_steps":13,"_timestamp":1.7789589113769267e+09,"episode":1200,"loss":16.869492329083958,"episode_length":211,"avg_speed":21.62680435180664,"_runtime":16865.0311951,"epsilon":0.15,"action_right":0.2890995260663507,"_step":1200,"action_forward":0.33649289099526064,"grad_norm":1312.47119140625}