{"_runtime":25.0958596,"episode_length":188,"_step":0,"epsilon":0.999,"loss":0,"_timestamp":1.7788800734409275e+09,"episode":0,"total_reward":10.040000915527344,"avg_recent_reward":10.040000915527344,"buffer_size":188,"_wandb":{"runtime":25}}