{"total_reward":12.789999961853027,"avg_recent_reward":18.504009246826172,"epsilon":0.6689717585696803,"episode":39,"buffer_size":12674,"_wandb":{"runtime":65110},"_runtime":65110,"_step":39,"_timestamp":1.7787825829273152e+09,"episode_length":81,"loss":0}