{"buffer_size":14355,"epsilon":0.7744209942832988,"_runtime":833,"avg_recent_reward":15.107612609863281,"loss":36.31467056274414,"_wandb":{"runtime":833},"_step":50,"episode_length":160,"_timestamp":1.7787172188414428e+09,"total_reward":9.409998893737793,"episode":50}