{"epsilon":0.17388222158237718,"_timestamp":1.7787554796820526e+09,"_step":348,"buffer_size":100000,"total_reward":23.550025939941406,"loss":0,"_runtime":5893,"episode_length":468,"episode":348,"_wandb":{"runtime":5893},"avg_recent_reward":18.69780921936035}