{"_wandb":{"runtime":16049},"episode":999,"buffer_size":100000,"_step":999,"total_reward":10.870004653930664,"avg_recent_reward":17.76941680908203,"loss":0,"episode_length":267,"_runtime":16049.9589249,"_timestamp":1.778797551762302e+09,"epsilon":0.05}