{"epsilon":0.8589229565610536,"avg_recent_reward":15.625614166259766,"_runtime":2737,"episode":151,"total_reward":10.89000415802002,"buffer_size":47663,"episode_length":188,"_timestamp":1.778715471563261e+09,"_step":151,"loss":0,"_wandb":{"runtime":2737}}