{"episode_length":226,"_timestamp":1.7788589591346722e+09,"buffer_size":100000,"avg_recent_reward":18.965211868286133,"epsilon":0.3676954247709635,"total_reward":15.879999160766602,"loss":0,"_wandb":{"runtime":15164},"_step":999,"episode":999,"_runtime":15164.4556361}