{"_runtime":14,"_step":193,"loss":10.10536003112793,"_timestamp":1.7787092804494998e+09,"_wandb":{"runtime":14}}