{"episode_length":303,"_timestamp":1.778716369013974e+09,"loss":0,"episode":52,"avg_recent_reward":14.890816688537598,"_wandb":{"runtime":886},"buffer_size":15160,"epsilon":0.5870367819374844,"_step":52,"total_reward":10.77000904083252,"_runtime":886}