{"episode_length":322,"_runtime":2255,"loss":0,"_wandb":{"runtime":2255},"_step":153,"total_reward":17.090007781982422,"episode":153,"epsilon":0.21272570322901874,"avg_recent_reward":10.398406982421875,"buffer_size":37919,"_timestamp":1.778716384852451e+09}