{"episode":50,"episode_length":154,"_wandb":{"runtime":955},"epsilon":0.9502544225688344,"_timestamp":1.778778842912243e+09,"_runtime":955,"avg_recent_reward":17.423614501953125,"buffer_size":16817,"total_reward":9.200000762939453,"loss":0,"_step":50}