{"episode":195,"_runtime":3135,"episode_length":205,"_wandb":{"runtime":3135},"loss":0,"epsilon":0.3743896431025813,"buffer_size":51808,"total_reward":10.030003547668457,"_timestamp":1.7787092368394744e+09,"_step":52444}