{"_runtime":93,"_timestamp":1.778709780399382e+09,"_wandb":{"runtime":93},"_step":1664,"total_reward":10.150002479553223,"epsilon":0.985074875,"buffer_size":1533,"episode":2,"loss":0,"episode_length":198}