{"_step":52,"_wandb":{"runtime":1007},"epsilon":0.7666961448653229,"episode":52,"episode_length":354,"_timestamp":1.7787806993098867e+09,"_runtime":1007,"loss":0,"total_reward":16.150012969970703,"buffer_size":17691,"avg_recent_reward":16.33161163330078}