{"_step":796,"epsilon":0.985074875,"episode_length":216,"episode":2,"_timestamp":1.778709676168375e+09,"buffer_size":541,"total_reward":9.810007095336914,"_wandb":{"runtime":49},"loss":0,"_runtime":49}