{"_timestamp":1.7787099647170646e+09,"loss":0,"total_reward":16.150009155273438,"epsilon":0.995,"_step":345,"_wandb":{"runtime":22},"episode_length":314,"episode":0,"buffer_size":314,"_runtime":22}