{"avg_recent_reward":9.318404197692871,"total_reward":8.230008125305176,"_wandb":{"runtime":6776},"loss":78.5599136352539,"epsilon":0.10272559337455119,"buffer_size":100000,"_timestamp":1.7787592205488765e+09,"_step":453,"episode_length":144,"episode":453,"_runtime":6776}