{"_timestamp":1.778705835531991e+09,"_runtime":320,"_wandb":{"runtime":320},"_step":9,"episode":9,"total_reward":16.450023651123047}