{"_step":9,"episode":9,"total_reward":7.599998474121094,"_timestamp":1.7787008976815777e+09,"_wandb":{"runtime":215},"_runtime":215}