{"_timestamp":1.7788610092210813e+09,"epsilon":0.13506452244668335,"total_reward":4.8299994468688965,"episode_length":82,"loss":0,"buffer_size":100000,"avg_recent_reward":9.147801399230957,"episode":999,"_step":999,"_runtime":15020.8203157,"_wandb":{"runtime":15020}}