{
  "runs_analyzed": 10,
  "total_stages": 7,
  "agent_types": [
    "dqn",
    "tabular"
  ],
  "stage_completion_rates": {
    "dqn": {
      "mean_stages_completed": 6.3,
      "std_stages_completed": 1.1,
      "max_stages_reached": 8,
      "completion_rate_all_stages": 0.6
    },
    "tabular": {
      "mean_stages_completed": 6.3,
      "std_stages_completed": 1.1,
      "max_stages_reached": 8,
      "completion_rate_all_stages": 0.6
    }
  },
  "stage_accuracies": {
    "3": {
      "tabular": {
        "mean_win_rate": 0.382132,
        "std_win_rate": 0.010186118789804095,
        "mean_avg_reward": -0.5705003,
        "std_avg_reward": 0.04218747304603583,
        "sample_size": 10
      },
      "dqn": {
        "mean_win_rate": 0.440459,
        "std_win_rate": 0.037388666584942554,
        "mean_avg_reward": -0.23651285,
        "std_avg_reward": 0.0603906143916627,
        "sample_size": 10
      }
    },
    "2": {
      "tabular": {
        "mean_win_rate": 0.382423,
        "std_win_rate": 0.008491502870517099,
        "mean_avg_reward": -0.5523690000000001,
        "std_avg_reward": 0.03478627364349335,
        "sample_size": 10
      },
      "dqn": {
        "mean_win_rate": 0.42485800000000007,
        "std_win_rate": 0.0015858549744538484,
        "mean_avg_reward": -0.18170199999999997,
        "std_avg_reward": 0.02764139759491188,
        "sample_size": 10
      }
    },
    "4": {
      "tabular": {
        "mean_win_rate": 0.38149599999999995,
        "std_win_rate": 0.009980796761782098,
        "mean_avg_reward": -0.5884415000000001,
        "std_avg_reward": 0.02778610854905739,
        "sample_size": 10
      },
      "dqn": {
        "mean_win_rate": 0.46298399999999995,
        "std_win_rate": 0.023426285322261407,
        "mean_avg_reward": -0.3007435,
        "std_avg_reward": 0.04288200844293562,
        "sample_size": 10
      }
    },
    "1": {
      "tabular": {
        "mean_win_rate": 0.380305,
        "std_win_rate": 0.005449215081091952,
        "mean_avg_reward": -0.5509495,
        "std_avg_reward": 0.03473950002878567,
        "sample_size": 10
      },
      "dqn": {
        "mean_win_rate": 0.42401800000000006,
        "std_win_rate": 0.0030518479647584054,
        "mean_avg_reward": -0.1906795,
        "std_avg_reward": 0.02539299169554466,
        "sample_size": 10
      }
    },
    "7": {
      "tabular": {
        "mean_win_rate": 0.37964000000000003,
        "std_win_rate": 0.007381777112141319,
        "mean_avg_reward": -0.5939673333333334,
        "std_avg_reward": 0.012771552058079024,
        "sample_size": 6
      },
      "dqn": {
        "mean_win_rate": 0.42093500000000006,
        "std_win_rate": 0.0435492892211419,
        "mean_avg_reward": -5.915401500000001,
        "std_avg_reward": 12.325113227594727,
        "sample_size": 6
      }
    },
    "5": {
      "tabular": {
        "mean_win_rate": 0.381864,
        "std_win_rate": 0.008893421388869421,
        "mean_avg_reward": -0.60438495,
        "std_avg_reward": 0.036466270034409914,
        "sample_size": 10
      },
      "dqn": {
        "mean_win_rate": 0.448566,
        "std_win_rate": 0.024227313181613842,
        "mean_avg_reward": -1.1728373,
        "std_avg_reward": 2.3750180124809708,
        "sample_size": 10
      }
    },
    "6": {
      "tabular": {
        "mean_win_rate": 0.3790916666666666,
        "std_win_rate": 0.007899680197465096,
        "mean_avg_reward": -0.6110522500000001,
        "std_avg_reward": 0.03358507345129922,
        "sample_size": 6
      },
      "dqn": {
        "mean_win_rate": 0.43483166666666667,
        "std_win_rate": 0.03225674472967717,
        "mean_avg_reward": -0.5556771666666667,
        "std_avg_reward": 0.24396464713298568,
        "sample_size": 6
      }
    },
    "8": {
      "dqn": {
        "mean_win_rate": 0.44618,
        "std_win_rate": 0.0,
        "mean_avg_reward": -0.5378990000000001,
        "std_avg_reward": 0.0,
        "sample_size": 1
      },
      "tabular": {
        "mean_win_rate": 0.3514,
        "std_win_rate": 0.0,
        "mean_avg_reward": -0.669704,
        "std_avg_reward": 0.0,
        "sample_size": 1
      }
    }
  },
  "final_performance": {
    "dqn": {
      "mean_final_win_rate": 0.43587300000000007,
      "std_final_win_rate": 0.03571119097705928,
      "min_final_win_rate": 0.32988,
      "max_final_win_rate": 0.45376
    },
    "tabular": {
      "mean_final_win_rate": 0.375357,
      "std_final_win_rate": 0.01070697347526369,
      "min_final_win_rate": 0.3514,
      "max_final_win_rate": 0.39417
    }
  },
  "best_performance_analysis": {
    "dqn": {
      "mean_best_win_rate": 0.474153,
      "std_best_win_rate": 0.015467210511271898,
      "min_best_win_rate": 0.44802,
      "max_best_win_rate": 0.4942,
      "mean_best_avg_reward": -0.370912,
      "std_best_avg_reward": 0.1053271022693115,
      "most_common_best_stage": 4,
      "best_stage_distribution": {
        "3": 2,
        "4": 4,
        "5": 3,
        "6": 1
      },
      "mean_curriculum_size": 6.3,
      "curriculum_size_range": [
        5,
        8
      ],
      "sample_size": 10
    },
    "tabular": {
      "mean_best_win_rate": 0.390789,
      "std_best_win_rate": 0.0037183099655623167,
      "min_best_win_rate": 0.38561,
      "max_best_win_rate": 0.39716,
      "mean_best_avg_reward": -0.551603,
      "std_best_avg_reward": 0.025984969752724376,
      "most_common_best_stage": 3,
      "best_stage_distribution": {
        "1": 1,
        "2": 1,
        "3": 3,
        "4": 2,
        "5": 2,
        "7": 1
      },
      "mean_curriculum_size": 6.3,
      "curriculum_size_range": [
        5,
        8
      ],
      "sample_size": 10
    }
  },
  "curriculum_effectiveness": {}
}