{"buffer_size":20634,"episode_length":197,"total_reward":10.08000373840332,"_runtime":1192,"episode":67,"epsilon":0.5048858887870696,"loss":0,"_wandb":{"runtime":1192},"_timestamp":1.7787506338428874e+09,"_step":67,"avg_recent_reward":15.008611679077148}