{"total_reward":30.700027465820312,"episode":25,"_wandb":{"runtime":530},"_step":9405,"_runtime":530,"buffer_size":9361,"episode_length":621,"loss":0,"_timestamp":1.7787105059727283e+09,"epsilon":0.8778091417340573}