{"_runtime":17181.8206843,"episode_length":156,"loss":0,"buffer_size":100000,"total_reward":10.960001945495605,"epsilon":0.3676954247709635,"avg_recent_reward":14.878006935119629,"_wandb":{"runtime":17181},"_step":999,"episode":999,"_timestamp":1.7788147481053727e+09}