{"_runtime":314.0508501,"total_reward":10.879999160766602,"_step":16,"avg_recent_reward":16.60236358642578,"_wandb":{"runtime":314},"buffer_size":5329,"episode":16,"loss":0,"epsilon":0.9831353223738244,"episode_length":179,"_timestamp":1.7788810317474074e+09}