{"epsilon":0.7628626641409962,"total_reward":14.460012435913086,"_step":53,"loss":0,"episode":53,"avg_recent_reward":14.758210182189941,"_wandb":{"runtime":904},"_timestamp":1.778717448466975e+09,"_runtime":904,"episode_length":326,"buffer_size":15209}