{"buffer_size":46855,"avg_recent_reward":13.47300910949707,"_wandb":{"runtime":2688},"epsilon":0.8589229565610536,"loss":0,"episode":151,"_timestamp":1.7787760131607342e+09,"_step":151,"_runtime":2688,"episode_length":141,"total_reward":6.839999675750732}