{"_timestamp":1.7787796358216488e+09,"avg_recent_reward":13.927206993103027,"total_reward":6.740005970001221,"loss":136.45870971679688,"_wandb":{"runtime":829},"episode":49,"_runtime":829,"epsilon":0.9512056281970315,"buffer_size":13444,"episode_length":192,"_step":49}