{"_runtime":1498,"total_reward":16.8900146484375,"_timestamp":1.7787120618364692e+09,"buffer_size":25759,"epsilon":0.9111511025165902,"avg_recent_reward":14.322612762451172,"_step":92,"_wandb":{"runtime":1498},"episode_length":307,"loss":0,"episode":92}