{"total_reward":10.360004425048828,"episode_length":202,"_step":49,"epsilon":0.6050060671375365,"_timestamp":1.778780499110357e+09,"buffer_size":13686,"avg_recent_reward":12.97680950164795,"_wandb":{"runtime":822},"loss":0,"_runtime":822,"episode":49}