{"epsilon":0.05,"avg_recent_reward":7.666809558868408,"total_reward":7.300003528594971,"episode_length":263,"loss":0,"_step":999,"_runtime":17300.0917498,"episode":999,"_timestamp":1.778798842555561e+09,"_wandb":{"runtime":17300},"buffer_size":100000}