{"_wandb":{"runtime":776},"_runtime":776,"_step":13248,"_timestamp":1.7787589073968818e+09,"total_reward":9.69000244140625,"episode_length":164,"epsilon":0.778312557068642,"buffer_size":13170,"loss":0,"episode":49}