{"total_reward":2.1600000858306885,"buffer_size":100000,"_step":999,"_runtime":16798.2741712,"episode":999,"epsilon":0.3676954247709635,"loss":0,"avg_recent_reward":10.202801704406738,"_wandb":{"runtime":16798},"episode_length":81,"_timestamp":1.7788156489304967e+09}