{"avg_recent_reward":21.857620239257812,"_runtime":14471.9769676,"loss":0,"total_reward":78.91011810302734,"_step":999,"episode":999,"buffer_size":100000,"_timestamp":1.7788269694493344e+09,"episode_length":1000,"_wandb":{"runtime":14471},"epsilon":0.13506452244668335}