{"loss":0,"buffer_size":100000,"total_reward":3.109999179840088,"_runtime":7725,"avg_recent_reward":7.35600471496582,"_step":499,"episode_length":116,"_timestamp":1.7787188570395029e+09,"_wandb":{"runtime":7725},"episode":499,"epsilon":0.6063789448611848}