{"episode_length":104,"loss":0,"_wandb":{"runtime":70831},"avg_recent_reward":14.070609092712402,"total_reward":6.260000705718994,"_step":4999,"_timestamp":1.7789520936048193e+09,"episode":4999,"epsilon":0.05,"buffer_size":500000,"_runtime":70831.9387292}