{"total_reward":11.110003471374512,"episode_length":215,"avg_recent_reward":9.858800888061523,"_timestamp":1.778948752962055e+09,"_step":4999,"loss":0,"buffer_size":500000,"episode":4999,"epsilon":0.05,"_wandb":{"runtime":67684},"_runtime":67684.8663841}