{"buffer_size":100000,"_step":999,"avg_recent_reward":9.526007652282715,"_wandb":{"runtime":20217},"loss":0,"episode_length":138,"_timestamp":1.7788349739288378e+09,"epsilon":0.3676954247709635,"_runtime":20217.8827014,"episode":999,"total_reward":9.24000072479248}