{"avg_recent_reward":14.404009819030762,"buffer_size":16248,"episode_length":138,"total_reward":9.75999927520752,"episode":57,"epsilon":0.7477194593032545,"_wandb":{"runtime":944},"loss":0,"_step":57,"_runtime":944,"_timestamp":1.7787494422587597e+09}